ticker,group,feature_count
1605,brent,11
1605,dollar_index,11
1605,dow,11
1605,fxi,11
1605,gold,11
1605,mchi,11
1605,nasdaq100,11
1605,nasdaq100_futures,11
1605,natural_gas,11
1605,nikkei225_futures,11
1605,oih,11
1605,sp500,11
1605,sp500_futures,11
1605,stock,11
1605,us_10y_minus_2y_spread,10
1605,us_10y_yield,10
1605,us_2y_yield,10
1605,us_30y_yield,10
1605,vix,11
1605,wti,11
1605,xle,11
5019,brent,11
5019,dollar_index,11
5019,dow,11
5019,fxi,11
5019,gold,11
5019,mchi,11
5019,nasdaq100,11
5019,nasdaq100_futures,11
5019,natural_gas,11
5019,nikkei225_futures,11
5019,oih,11
5019,sp500,11
5019,sp500_futures,11
5019,stock,11
5019,us_10y_minus_2y_spread,10
5019,us_10y_yield,10
5019,us_2y_yield,10
5019,us_30y_yield,10
5019,vix,11
5019,wti,11
5019,xle,11
5020,brent,11
5020,dollar_index,11
5020,dow,11
5020,fxi,11
5020,gold,11
5020,mchi,11
5020,nasdaq100,11
5020,nasdaq100_futures,11
5020,natural_gas,11
5020,nikkei225_futures,11
5020,oih,11
5020,sp500,11
5020,sp500_futures,11
5020,stock,11
5020,us_10y_minus_2y_spread,10
5020,us_10y_yield,10
5020,us_2y_yield,10
5020,us_30y_yield,10
5020,vix,11
5020,wti,11
5020,xle,11
5021,brent,11
5021,dollar_index,11
5021,dow,11
5021,fxi,11
5021,gold,11
5021,mchi,11
5021,nasdaq100,11
5021,nasdaq100_futures,11
5021,natural_gas,11
5021,nikkei225_futures,11
5021,oih,11
5021,sp500,11
5021,sp500_futures,11
5021,stock,11
5021,us_10y_minus_2y_spread,10
5021,us_10y_yield,10
5021,us_2y_yield,10
5021,us_30y_yield,10
5021,vix,11
5021,wti,11
5021,xle,11
7201,copper,11
7201,dollar_index,11
7201,dow,11
7201,ewy,11
7201,fxi,11
7201,gold,11
7201,honda_adr,11
7201,mchi,11
7201,nasdaq100,11
7201,nasdaq100_futures,11
7201,nikkei225_futures,11
7201,sp500,11
7201,sp500_futures,11
7201,stock,11
7201,toyota_adr,11
7201,us_10y_minus_2y_spread,10
7201,us_10y_yield,10
7201,us_2y_yield,10
7201,us_30y_yield,10
7201,vix,11
7201,wti,11
7201,xli,11
7203,copper,11
7203,dollar_index,11
7203,dow,11
7203,ewy,11
7203,fxi,11
7203,gold,11
7203,honda_adr,11
7203,mchi,11
7203,nasdaq100,11
7203,nasdaq100_futures,11
7203,nikkei225_futures,11
7203,sp500,11
7203,sp500_futures,11
7203,stock,11
7203,toyota_adr,11
7203,us_10y_minus_2y_spread,10
7203,us_10y_yield,10
7203,us_2y_yield,10
7203,us_30y_yield,10
7203,vix,11
7203,wti,11
7203,xli,11
7267,copper,11
7267,dollar_index,11
7267,dow,11
7267,ewy,11
7267,fxi,11
7267,gold,11
7267,honda_adr,11
7267,mchi,11
7267,nasdaq100,11
7267,nasdaq100_futures,11
7267,nikkei225_futures,11
7267,sp500,11
7267,sp500_futures,11
7267,stock,11
7267,toyota_adr,11
7267,us_10y_minus_2y_spread,10
7267,us_10y_yield,10
7267,us_2y_yield,10
7267,us_30y_yield,10
7267,vix,11
7267,wti,11
7267,xli,11
7269,copper,11
7269,dollar_index,11
7269,dow,11
7269,ewy,11
7269,fxi,11
7269,gold,11
7269,honda_adr,11
7269,mchi,11
7269,nasdaq100,11
7269,nasdaq100_futures,11
7269,nikkei225_futures,11
7269,sp500,11
7269,sp500_futures,11
7269,stock,11
7269,toyota_adr,11
7269,us_10y_minus_2y_spread,10
7269,us_10y_yield,10
7269,us_2y_yield,10
7269,us_30y_yield,10
7269,vix,11
7269,wti,11
7269,xli,11
7270,copper,11
7270,dollar_index,11
7270,dow,11
7270,ewy,11
7270,fxi,11
7270,gold,11
7270,honda_adr,11
7270,mchi,11
7270,nasdaq100,11
7270,nasdaq100_futures,11
7270,nikkei225_futures,11
7270,sp500,11
7270,sp500_futures,11
7270,stock,11
7270,toyota_adr,11
7270,us_10y_minus_2y_spread,10
7270,us_10y_yield,10
7270,us_2y_yield,10
7270,us_30y_yield,10
7270,vix,11
7270,wti,11
7270,xli,11
8001,dollar_index,11
8001,dow,11
8001,gold,11
8001,nasdaq100,11
8001,nasdaq100_futures,11
8001,nikkei225_futures,11
8001,sp500,11
8001,sp500_futures,11
8001,stock,11
8001,us_10y_minus_2y_spread,10
8001,us_10y_yield,10
8001,us_2y_yield,10
8001,us_30y_yield,10
8001,vix,11
8002,dollar_index,11
8002,dow,11
8002,gold,11
8002,nasdaq100,11
8002,nasdaq100_futures,11
8002,nikkei225_futures,11
8002,sp500,11
8002,sp500_futures,11
8002,stock,11
8002,us_10y_minus_2y_spread,10
8002,us_10y_yield,10
8002,us_2y_yield,10
8002,us_30y_yield,10
8002,vix,11
8031,dollar_index,11
8031,dow,11
8031,gold,11
8031,nasdaq100,11
8031,nasdaq100_futures,11
8031,nikkei225_futures,11
8031,sp500,11
8031,sp500_futures,11
8031,stock,11
8031,us_10y_minus_2y_spread,10
8031,us_10y_yield,10
8031,us_2y_yield,10
8031,us_30y_yield,10
8031,vix,11
8053,dollar_index,11
8053,dow,11
8053,gold,11
8053,nasdaq100,11
8053,nasdaq100_futures,11
8053,nikkei225_futures,11
8053,sp500,11
8053,sp500_futures,11
8053,stock,11
8053,us_10y_minus_2y_spread,10
8053,us_10y_yield,10
8053,us_2y_yield,10
8053,us_30y_yield,10
8053,vix,11
8058,dollar_index,11
8058,dow,11
8058,gold,11
8058,nasdaq100,11
8058,nasdaq100_futures,11
8058,nikkei225_futures,11
8058,sp500,11
8058,sp500_futures,11
8058,stock,11
8058,us_10y_minus_2y_spread,10
8058,us_10y_yield,10
8058,us_2y_yield,10
8058,us_30y_yield,10
8058,vix,11
8306,dollar_index,11
8306,dow,11
8306,gold,11
8306,kre,11
8306,mufg_adr,11
8306,nasdaq100,11
8306,nasdaq100_futures,11
8306,nikkei225_futures,11
8306,smfg_adr,11
8306,sp500,11
8306,sp500_futures,11
8306,stock,11
8306,us_10y_minus_2y_spread,10
8306,us_10y_yield,10
8306,us_2y_yield,10
8306,us_30y_yield,10
8306,vix,11
8306,xlf,11
8316,dollar_index,11
8316,dow,11
8316,gold,11
8316,kre,11
8316,mufg_adr,11
8316,nasdaq100,11
8316,nasdaq100_futures,11
8316,nikkei225_futures,11
8316,smfg_adr,11
8316,sp500,11
8316,sp500_futures,11
8316,stock,11
8316,us_10y_minus_2y_spread,10
8316,us_10y_yield,10
8316,us_2y_yield,10
8316,us_30y_yield,10
8316,vix,11
8316,xlf,11
8411,dollar_index,11
8411,dow,11
8411,gold,11
8411,kre,11
8411,mufg_adr,11
8411,nasdaq100,11
8411,nasdaq100_futures,11
8411,nikkei225_futures,11
8411,smfg_adr,11
8411,sp500,11
8411,sp500_futures,11
8411,stock,11
8411,us_10y_minus_2y_spread,10
8411,us_10y_yield,10
8411,us_2y_yield,10
8411,us_30y_yield,10
8411,vix,11
8411,xlf,11
8604,dollar_index,11
8604,dow,11
8604,gold,11
8604,kre,11
8604,mufg_adr,11
8604,nasdaq100,11
8604,nasdaq100_futures,11
8604,nikkei225_futures,11
8604,smfg_adr,11
8604,sp500,11
8604,sp500_futures,11
8604,stock,11
8604,us_10y_minus_2y_spread,10
8604,us_10y_yield,10
8604,us_2y_yield,10
8604,us_30y_yield,10
8604,vix,11
8604,xlf,11
8766,dollar_index,11
8766,dow,11
8766,gold,11
8766,kre,11
8766,mufg_adr,11
8766,nasdaq100,11
8766,nasdaq100_futures,11
8766,nikkei225_futures,11
8766,smfg_adr,11
8766,sp500,11
8766,sp500_futures,11
8766,stock,11
8766,us_10y_minus_2y_spread,10
8766,us_10y_yield,10
8766,us_2y_yield,10
8766,us_30y_yield,10
8766,vix,11
8766,xlf,11
9101,baltic_dry_index,11
9101,brent,11
9101,copper,11
9101,dollar_index,11
9101,dow,11
9101,fxi,11
9101,gold,11
9101,mchi,11
9101,nasdaq100,11
9101,nasdaq100_futures,11
9101,nikkei225_futures,11
9101,sp500,11
9101,sp500_futures,11
9101,stock,11
9101,us_10y_minus_2y_spread,10
9101,us_10y_yield,10
9101,us_2y_yield,10
9101,us_30y_yield,10
9101,vix,11
9101,wti,11
9104,baltic_dry_index,11
9104,brent,11
9104,copper,11
9104,dollar_index,11
9104,dow,11
9104,fxi,11
9104,gold,11
9104,mchi,11
9104,nasdaq100,11
9104,nasdaq100_futures,11
9104,nikkei225_futures,11
9104,sp500,11
9104,sp500_futures,11
9104,stock,11
9104,us_10y_minus_2y_spread,10
9104,us_10y_yield,10
9104,us_2y_yield,10
9104,us_30y_yield,10
9104,vix,11
9104,wti,11
9107,baltic_dry_index,11
9107,brent,11
9107,copper,11
9107,dollar_index,11
9107,dow,11
9107,fxi,11
9107,gold,11
9107,mchi,11
9107,nasdaq100,11
9107,nasdaq100_futures,11
9107,nikkei225_futures,11
9107,sp500,11
9107,sp500_futures,11
9107,stock,11
9107,us_10y_minus_2y_spread,10
9107,us_10y_yield,10
9107,us_2y_yield,10
9107,us_30y_yield,10
9107,vix,11
9107,wti,11
