prediction_date,ticker,feature,source_market_date,available_timestamp,first_observed_at,retrieved_at,cutoff,verdict
2026-08-14,7203,stock__high_low_range,2026-08-13,2026-08-13 06:50:00+00:00,2026-08-13 08:04:56.593692+00:00,2026-08-13 08:04:56.593692+00:00,2026-08-13 23:30:00+00:00,OK
2026-08-14,7203,stock__log_return_1d,2026-08-13,2026-08-13 06:50:00+00:00,2026-08-13 08:04:56.593692+00:00,2026-08-13 08:04:56.593692+00:00,2026-08-13 23:30:00+00:00,OK
2026-08-14,7203,stock__log_return_1d,2026-08-12,2026-08-12 06:50:00+00:00,2026-08-12 08:03:53.698440+00:00,2026-08-12 08:03:53.698440+00:00,2026-08-13 23:30:00+00:00,OK
2026-08-14,7203,stock__ma20_deviation,2026-08-13,2026-08-13 06:50:00+00:00,2026-08-13 08:04:56.593692+00:00,2026-08-13 08:04:56.593692+00:00,2026-08-13 23:30:00+00:00,OK
2026-08-14,7203,stock__ma20_deviation,2026-08-12,2026-08-12 06:50:00+00:00,2026-08-12 08:03:53.698440+00:00,2026-08-12 08:03:53.698440+00:00,2026-08-13 23:30:00+00:00,OK
2026-08-14,7203,stock__ma20_deviation,2026-08-10,2026-08-10 06:50:00+00:00,2026-08-10 16:04:12.341288+00:00,2026-08-10 16:04:12.341288+00:00,2026-08-13 23:30:00+00:00,OK
2026-08-14,7203,stock__ma20_deviation,2026-08-07,2026-08-07 06:50:00+00:00,2026-08-08 13:39:51.889969+00:00,2026-08-08 13:39:51.889969+00:00,2026-08-13 23:30:00+00:00,OK
2026-08-14,7203,stock__ma20_deviation,2026-08-06,2026-08-06 06:50:00+00:00,2026-08-08 13:39:51.889969+00:00,2026-08-08 13:39:51.889969+00:00,2026-08-13 23:30:00+00:00,OK
2026-08-14,7203,stock__ma20_deviation,2026-08-05,2026-08-05 06:50:00+00:00,2026-08-08 13:39:51.889969+00:00,2026-08-08 13:39:51.889969+00:00,2026-08-13 23:30:00+00:00,OK
2026-08-14,7203,stock__ma20_deviation,2026-08-04,2026-08-04 06:50:00+00:00,2026-08-08 13:39:51.889969+00:00,2026-08-08 13:39:51.889969+00:00,2026-08-13 23:30:00+00:00,OK
2026-08-14,7203,stock__ma20_deviation,2026-08-03,2026-08-03 06:50:00+00:00,2026-08-08 13:39:51.889969+00:00,2026-08-08 13:39:51.889969+00:00,2026-08-13 23:30:00+00:00,OK
2026-08-14,7203,stock__ma20_deviation,2026-07-31,2026-07-31 06:50:00+00:00,2026-08-08 13:39:51.889969+00:00,2026-08-08 13:39:51.889969+00:00,2026-08-13 23:30:00+00:00,OK
2026-08-14,7203,stock__ma20_deviation,2026-07-30,2026-07-30 06:50:00+00:00,2026-08-08 13:39:51.889969+00:00,2026-08-08 13:39:51.889969+00:00,2026-08-13 23:30:00+00:00,OK
2026-08-14,7203,stock__ma20_deviation,2026-07-29,2026-07-29 06:50:00+00:00,2026-08-08 13:39:51.889969+00:00,2026-08-08 13:39:51.889969+00:00,2026-08-13 23:30:00+00:00,OK
2026-08-14,7203,stock__ma20_deviation,2026-07-28,2026-07-28 06:50:00+00:00,2026-08-08 13:39:51.889969+00:00,2026-08-08 13:39:51.889969+00:00,2026-08-13 23:30:00+00:00,OK
2026-08-14,7203,stock__ma20_deviation,2026-07-27,2026-07-27 06:50:00+00:00,2026-08-08 13:39:51.889969+00:00,2026-08-08 13:39:51.889969+00:00,2026-08-13 23:30:00+00:00,OK
2026-08-14,7203,stock__ma20_deviation,2026-07-24,2026-07-24 06:50:00+00:00,2026-08-08 13:39:51.889969+00:00,2026-08-08 13:39:51.889969+00:00,2026-08-13 23:30:00+00:00,OK
2026-08-14,7203,stock__ma20_deviation,2026-07-23,2026-07-23 06:50:00+00:00,2026-08-08 13:39:51.889969+00:00,2026-08-08 13:39:51.889969+00:00,2026-08-13 23:30:00+00:00,OK
2026-08-14,7203,stock__ma20_deviation,2026-07-22,2026-07-22 06:50:00+00:00,2026-08-08 13:39:51.889969+00:00,2026-08-08 13:39:51.889969+00:00,2026-08-13 23:30:00+00:00,OK
2026-08-14,7203,stock__ma20_deviation,2026-07-21,2026-07-21 06:50:00+00:00,2026-08-08 13:39:51.889969+00:00,2026-08-08 13:39:51.889969+00:00,2026-08-13 23:30:00+00:00,OK
2026-08-14,7203,stock__ma20_deviation,2026-07-17,2026-07-17 06:50:00+00:00,2026-08-08 13:39:51.889969+00:00,2026-08-08 13:39:51.889969+00:00,2026-08-13 23:30:00+00:00,OK
2026-08-14,7203,stock__ma20_deviation,2026-07-16,2026-07-16 06:50:00+00:00,2026-08-08 13:39:51.889969+00:00,2026-08-08 13:39:51.889969+00:00,2026-08-13 23:30:00+00:00,OK
2026-08-14,7203,stock__ma20_deviation,2026-07-15,2026-07-15 06:50:00+00:00,2026-08-08 13:39:51.889969+00:00,2026-08-08 13:39:51.889969+00:00,2026-08-13 23:30:00+00:00,OK
2026-08-14,7203,stock__open_close_return,2026-08-13,2026-08-13 06:50:00+00:00,2026-08-13 08:04:56.593692+00:00,2026-08-13 08:04:56.593692+00:00,2026-08-13 23:30:00+00:00,OK
2026-08-14,7203,stock__return_1d,2026-08-13,2026-08-13 06:50:00+00:00,2026-08-13 08:04:56.593692+00:00,2026-08-13 08:04:56.593692+00:00,2026-08-13 23:30:00+00:00,OK
2026-08-14,7203,stock__return_1d,2026-08-12,2026-08-12 06:50:00+00:00,2026-08-12 08:03:53.698440+00:00,2026-08-12 08:03:53.698440+00:00,2026-08-13 23:30:00+00:00,OK
2026-08-14,7203,stock__return_20d,2026-08-13,2026-08-13 06:50:00+00:00,2026-08-13 08:04:56.593692+00:00,2026-08-13 08:04:56.593692+00:00,2026-08-13 23:30:00+00:00,OK
2026-08-14,7203,stock__return_20d,2026-07-14,2026-07-14 06:50:00+00:00,2026-08-08 13:39:51.889969+00:00,2026-08-08 13:39:51.889969+00:00,2026-08-13 23:30:00+00:00,OK
2026-08-14,7203,stock__return_2d,2026-08-13,2026-08-13 06:50:00+00:00,2026-08-13 08:04:56.593692+00:00,2026-08-13 08:04:56.593692+00:00,2026-08-13 23:30:00+00:00,OK
2026-08-14,7203,stock__return_2d,2026-08-10,2026-08-10 06:50:00+00:00,2026-08-10 16:04:12.341288+00:00,2026-08-10 16:04:12.341288+00:00,2026-08-13 23:30:00+00:00,OK
2026-08-14,7203,stock__return_3d,2026-08-13,2026-08-13 06:50:00+00:00,2026-08-13 08:04:56.593692+00:00,2026-08-13 08:04:56.593692+00:00,2026-08-13 23:30:00+00:00,OK
2026-08-14,7203,stock__return_3d,2026-08-07,2026-08-07 06:50:00+00:00,2026-08-08 13:39:51.889969+00:00,2026-08-08 13:39:51.889969+00:00,2026-08-13 23:30:00+00:00,OK
2026-08-14,7203,stock__return_5d,2026-08-13,2026-08-13 06:50:00+00:00,2026-08-13 08:04:56.593692+00:00,2026-08-13 08:04:56.593692+00:00,2026-08-13 23:30:00+00:00,OK
2026-08-14,7203,stock__return_5d,2026-08-05,2026-08-05 06:50:00+00:00,2026-08-08 13:39:51.889969+00:00,2026-08-08 13:39:51.889969+00:00,2026-08-13 23:30:00+00:00,OK
2026-08-14,7203,stock__volatility_20d,2026-08-13,2026-08-13 06:50:00+00:00,2026-08-13 08:04:56.593692+00:00,2026-08-13 08:04:56.593692+00:00,2026-08-13 23:30:00+00:00,OK
2026-08-14,7203,stock__volatility_20d,2026-08-12,2026-08-12 06:50:00+00:00,2026-08-12 08:03:53.698440+00:00,2026-08-12 08:03:53.698440+00:00,2026-08-13 23:30:00+00:00,OK
2026-08-14,7203,stock__volatility_20d,2026-08-10,2026-08-10 06:50:00+00:00,2026-08-10 16:04:12.341288+00:00,2026-08-10 16:04:12.341288+00:00,2026-08-13 23:30:00+00:00,OK
2026-08-14,7203,stock__volatility_20d,2026-08-07,2026-08-07 06:50:00+00:00,2026-08-08 13:39:51.889969+00:00,2026-08-08 13:39:51.889969+00:00,2026-08-13 23:30:00+00:00,OK
2026-08-14,7203,stock__volatility_20d,2026-08-06,2026-08-06 06:50:00+00:00,2026-08-08 13:39:51.889969+00:00,2026-08-08 13:39:51.889969+00:00,2026-08-13 23:30:00+00:00,OK
2026-08-14,7203,stock__volatility_20d,2026-08-05,2026-08-05 06:50:00+00:00,2026-08-08 13:39:51.889969+00:00,2026-08-08 13:39:51.889969+00:00,2026-08-13 23:30:00+00:00,OK
2026-08-14,7203,stock__volatility_20d,2026-08-04,2026-08-04 06:50:00+00:00,2026-08-08 13:39:51.889969+00:00,2026-08-08 13:39:51.889969+00:00,2026-08-13 23:30:00+00:00,OK
2026-08-14,7203,stock__volatility_20d,2026-08-03,2026-08-03 06:50:00+00:00,2026-08-08 13:39:51.889969+00:00,2026-08-08 13:39:51.889969+00:00,2026-08-13 23:30:00+00:00,OK
2026-08-14,7203,stock__volatility_20d,2026-07-31,2026-07-31 06:50:00+00:00,2026-08-08 13:39:51.889969+00:00,2026-08-08 13:39:51.889969+00:00,2026-08-13 23:30:00+00:00,OK
2026-08-14,7203,stock__volatility_20d,2026-07-30,2026-07-30 06:50:00+00:00,2026-08-08 13:39:51.889969+00:00,2026-08-08 13:39:51.889969+00:00,2026-08-13 23:30:00+00:00,OK
2026-08-14,7203,stock__volatility_20d,2026-07-29,2026-07-29 06:50:00+00:00,2026-08-08 13:39:51.889969+00:00,2026-08-08 13:39:51.889969+00:00,2026-08-13 23:30:00+00:00,OK
2026-08-14,7203,stock__volatility_20d,2026-07-28,2026-07-28 06:50:00+00:00,2026-08-08 13:39:51.889969+00:00,2026-08-08 13:39:51.889969+00:00,2026-08-13 23:30:00+00:00,OK
2026-08-14,7203,stock__volatility_20d,2026-07-27,2026-07-27 06:50:00+00:00,2026-08-08 13:39:51.889969+00:00,2026-08-08 13:39:51.889969+00:00,2026-08-13 23:30:00+00:00,OK
2026-08-14,7203,stock__volatility_20d,2026-07-24,2026-07-24 06:50:00+00:00,2026-08-08 13:39:51.889969+00:00,2026-08-08 13:39:51.889969+00:00,2026-08-13 23:30:00+00:00,OK
2026-08-14,7203,stock__volatility_20d,2026-07-23,2026-07-23 06:50:00+00:00,2026-08-08 13:39:51.889969+00:00,2026-08-08 13:39:51.889969+00:00,2026-08-13 23:30:00+00:00,OK
2026-08-14,7203,stock__volatility_20d,2026-07-22,2026-07-22 06:50:00+00:00,2026-08-08 13:39:51.889969+00:00,2026-08-08 13:39:51.889969+00:00,2026-08-13 23:30:00+00:00,OK
2026-08-14,7203,stock__volatility_20d,2026-07-21,2026-07-21 06:50:00+00:00,2026-08-08 13:39:51.889969+00:00,2026-08-08 13:39:51.889969+00:00,2026-08-13 23:30:00+00:00,OK
2026-08-14,7203,stock__volatility_20d,2026-07-17,2026-07-17 06:50:00+00:00,2026-08-08 13:39:51.889969+00:00,2026-08-08 13:39:51.889969+00:00,2026-08-13 23:30:00+00:00,OK
2026-08-14,7203,stock__volatility_20d,2026-07-16,2026-07-16 06:50:00+00:00,2026-08-08 13:39:51.889969+00:00,2026-08-08 13:39:51.889969+00:00,2026-08-13 23:30:00+00:00,OK
2026-08-14,7203,stock__volatility_20d,2026-07-15,2026-07-15 06:50:00+00:00,2026-08-08 13:39:51.889969+00:00,2026-08-08 13:39:51.889969+00:00,2026-08-13 23:30:00+00:00,OK
2026-08-14,7203,stock__volatility_20d,2026-07-14,2026-07-14 06:50:00+00:00,2026-08-08 13:39:51.889969+00:00,2026-08-08 13:39:51.889969+00:00,2026-08-13 23:30:00+00:00,OK
2026-08-14,7203,stock__volatility_5d,2026-08-13,2026-08-13 06:50:00+00:00,2026-08-13 08:04:56.593692+00:00,2026-08-13 08:04:56.593692+00:00,2026-08-13 23:30:00+00:00,OK
2026-08-14,7203,stock__volatility_5d,2026-08-12,2026-08-12 06:50:00+00:00,2026-08-12 08:03:53.698440+00:00,2026-08-12 08:03:53.698440+00:00,2026-08-13 23:30:00+00:00,OK
2026-08-14,7203,stock__volatility_5d,2026-08-10,2026-08-10 06:50:00+00:00,2026-08-10 16:04:12.341288+00:00,2026-08-10 16:04:12.341288+00:00,2026-08-13 23:30:00+00:00,OK
2026-08-14,7203,stock__volatility_5d,2026-08-07,2026-08-07 06:50:00+00:00,2026-08-08 13:39:51.889969+00:00,2026-08-08 13:39:51.889969+00:00,2026-08-13 23:30:00+00:00,OK
2026-08-14,7203,stock__volatility_5d,2026-08-06,2026-08-06 06:50:00+00:00,2026-08-08 13:39:51.889969+00:00,2026-08-08 13:39:51.889969+00:00,2026-08-13 23:30:00+00:00,OK
2026-08-14,7203,stock__volatility_5d,2026-08-05,2026-08-05 06:50:00+00:00,2026-08-08 13:39:51.889969+00:00,2026-08-08 13:39:51.889969+00:00,2026-08-13 23:30:00+00:00,OK
2026-08-14,8306,stock__high_low_range,2026-08-13,2026-08-13 06:50:00+00:00,2026-08-13 08:04:59.195121+00:00,2026-08-13 08:04:59.195121+00:00,2026-08-13 23:30:00+00:00,OK
2026-08-14,8306,stock__log_return_1d,2026-08-13,2026-08-13 06:50:00+00:00,2026-08-13 08:04:59.195121+00:00,2026-08-13 08:04:59.195121+00:00,2026-08-13 23:30:00+00:00,OK
2026-08-14,8306,stock__log_return_1d,2026-08-12,2026-08-12 06:50:00+00:00,2026-08-12 08:03:57.030939+00:00,2026-08-12 08:03:57.030939+00:00,2026-08-13 23:30:00+00:00,OK
2026-08-14,8306,stock__ma20_deviation,2026-08-13,2026-08-13 06:50:00+00:00,2026-08-13 08:04:59.195121+00:00,2026-08-13 08:04:59.195121+00:00,2026-08-13 23:30:00+00:00,OK
2026-08-14,8306,stock__ma20_deviation,2026-08-12,2026-08-12 06:50:00+00:00,2026-08-12 08:03:57.030939+00:00,2026-08-12 08:03:57.030939+00:00,2026-08-13 23:30:00+00:00,OK
2026-08-14,8306,stock__ma20_deviation,2026-08-10,2026-08-10 06:50:00+00:00,2026-08-10 16:04:17.250334+00:00,2026-08-10 16:04:17.250334+00:00,2026-08-13 23:30:00+00:00,OK
2026-08-14,8306,stock__ma20_deviation,2026-08-07,2026-08-07 06:50:00+00:00,2026-08-08 13:40:26.467462+00:00,2026-08-08 13:40:26.467462+00:00,2026-08-13 23:30:00+00:00,OK
2026-08-14,8306,stock__ma20_deviation,2026-08-06,2026-08-06 06:50:00+00:00,2026-08-08 13:40:26.467462+00:00,2026-08-08 13:40:26.467462+00:00,2026-08-13 23:30:00+00:00,OK
2026-08-14,8306,stock__ma20_deviation,2026-08-05,2026-08-05 06:50:00+00:00,2026-08-08 13:40:26.467462+00:00,2026-08-08 13:40:26.467462+00:00,2026-08-13 23:30:00+00:00,OK
2026-08-14,8306,stock__ma20_deviation,2026-08-04,2026-08-04 06:50:00+00:00,2026-08-08 13:40:26.467462+00:00,2026-08-08 13:40:26.467462+00:00,2026-08-13 23:30:00+00:00,OK
2026-08-14,8306,stock__ma20_deviation,2026-08-03,2026-08-03 06:50:00+00:00,2026-08-08 13:40:26.467462+00:00,2026-08-08 13:40:26.467462+00:00,2026-08-13 23:30:00+00:00,OK
2026-08-14,8306,stock__ma20_deviation,2026-07-31,2026-07-31 06:50:00+00:00,2026-08-08 13:40:26.467462+00:00,2026-08-08 13:40:26.467462+00:00,2026-08-13 23:30:00+00:00,OK
2026-08-14,8306,stock__ma20_deviation,2026-07-30,2026-07-30 06:50:00+00:00,2026-08-08 13:40:26.467462+00:00,2026-08-08 13:40:26.467462+00:00,2026-08-13 23:30:00+00:00,OK
2026-08-14,8306,stock__ma20_deviation,2026-07-29,2026-07-29 06:50:00+00:00,2026-08-08 13:40:26.467462+00:00,2026-08-08 13:40:26.467462+00:00,2026-08-13 23:30:00+00:00,OK
2026-08-14,8306,stock__ma20_deviation,2026-07-28,2026-07-28 06:50:00+00:00,2026-08-08 13:40:26.467462+00:00,2026-08-08 13:40:26.467462+00:00,2026-08-13 23:30:00+00:00,OK
2026-08-14,8306,stock__ma20_deviation,2026-07-27,2026-07-27 06:50:00+00:00,2026-08-08 13:40:26.467462+00:00,2026-08-08 13:40:26.467462+00:00,2026-08-13 23:30:00+00:00,OK
2026-08-14,8306,stock__ma20_deviation,2026-07-24,2026-07-24 06:50:00+00:00,2026-08-08 13:40:26.467462+00:00,2026-08-08 13:40:26.467462+00:00,2026-08-13 23:30:00+00:00,OK
2026-08-14,8306,stock__ma20_deviation,2026-07-23,2026-07-23 06:50:00+00:00,2026-08-08 13:40:26.467462+00:00,2026-08-08 13:40:26.467462+00:00,2026-08-13 23:30:00+00:00,OK
2026-08-14,8306,stock__ma20_deviation,2026-07-22,2026-07-22 06:50:00+00:00,2026-08-08 13:40:26.467462+00:00,2026-08-08 13:40:26.467462+00:00,2026-08-13 23:30:00+00:00,OK
2026-08-14,8306,stock__ma20_deviation,2026-07-21,2026-07-21 06:50:00+00:00,2026-08-08 13:40:26.467462+00:00,2026-08-08 13:40:26.467462+00:00,2026-08-13 23:30:00+00:00,OK
2026-08-14,8306,stock__ma20_deviation,2026-07-17,2026-07-17 06:50:00+00:00,2026-08-08 13:40:26.467462+00:00,2026-08-08 13:40:26.467462+00:00,2026-08-13 23:30:00+00:00,OK
2026-08-14,8306,stock__ma20_deviation,2026-07-16,2026-07-16 06:50:00+00:00,2026-08-08 13:40:26.467462+00:00,2026-08-08 13:40:26.467462+00:00,2026-08-13 23:30:00+00:00,OK
2026-08-14,8306,stock__ma20_deviation,2026-07-15,2026-07-15 06:50:00+00:00,2026-08-08 13:40:26.467462+00:00,2026-08-08 13:40:26.467462+00:00,2026-08-13 23:30:00+00:00,OK
2026-08-14,8306,stock__open_close_return,2026-08-13,2026-08-13 06:50:00+00:00,2026-08-13 08:04:59.195121+00:00,2026-08-13 08:04:59.195121+00:00,2026-08-13 23:30:00+00:00,OK
2026-08-14,8306,stock__return_1d,2026-08-13,2026-08-13 06:50:00+00:00,2026-08-13 08:04:59.195121+00:00,2026-08-13 08:04:59.195121+00:00,2026-08-13 23:30:00+00:00,OK
2026-08-14,8306,stock__return_1d,2026-08-12,2026-08-12 06:50:00+00:00,2026-08-12 08:03:57.030939+00:00,2026-08-12 08:03:57.030939+00:00,2026-08-13 23:30:00+00:00,OK
2026-08-14,8306,stock__return_20d,2026-08-13,2026-08-13 06:50:00+00:00,2026-08-13 08:04:59.195121+00:00,2026-08-13 08:04:59.195121+00:00,2026-08-13 23:30:00+00:00,OK
2026-08-14,8306,stock__return_20d,2026-07-14,2026-07-14 06:50:00+00:00,2026-08-08 13:40:26.467462+00:00,2026-08-08 13:40:26.467462+00:00,2026-08-13 23:30:00+00:00,OK
2026-08-14,8306,stock__return_2d,2026-08-13,2026-08-13 06:50:00+00:00,2026-08-13 08:04:59.195121+00:00,2026-08-13 08:04:59.195121+00:00,2026-08-13 23:30:00+00:00,OK
2026-08-14,8306,stock__return_2d,2026-08-10,2026-08-10 06:50:00+00:00,2026-08-10 16:04:17.250334+00:00,2026-08-10 16:04:17.250334+00:00,2026-08-13 23:30:00+00:00,OK
2026-08-14,8306,stock__return_3d,2026-08-13,2026-08-13 06:50:00+00:00,2026-08-13 08:04:59.195121+00:00,2026-08-13 08:04:59.195121+00:00,2026-08-13 23:30:00+00:00,OK
2026-08-14,8306,stock__return_3d,2026-08-07,2026-08-07 06:50:00+00:00,2026-08-08 13:40:26.467462+00:00,2026-08-08 13:40:26.467462+00:00,2026-08-13 23:30:00+00:00,OK
2026-08-14,8306,stock__return_5d,2026-08-13,2026-08-13 06:50:00+00:00,2026-08-13 08:04:59.195121+00:00,2026-08-13 08:04:59.195121+00:00,2026-08-13 23:30:00+00:00,OK
2026-08-14,8306,stock__return_5d,2026-08-05,2026-08-05 06:50:00+00:00,2026-08-08 13:40:26.467462+00:00,2026-08-08 13:40:26.467462+00:00,2026-08-13 23:30:00+00:00,OK
2026-08-14,8306,stock__volatility_20d,2026-08-13,2026-08-13 06:50:00+00:00,2026-08-13 08:04:59.195121+00:00,2026-08-13 08:04:59.195121+00:00,2026-08-13 23:30:00+00:00,OK
2026-08-14,8306,stock__volatility_20d,2026-08-12,2026-08-12 06:50:00+00:00,2026-08-12 08:03:57.030939+00:00,2026-08-12 08:03:57.030939+00:00,2026-08-13 23:30:00+00:00,OK
2026-08-14,8306,stock__volatility_20d,2026-08-10,2026-08-10 06:50:00+00:00,2026-08-10 16:04:17.250334+00:00,2026-08-10 16:04:17.250334+00:00,2026-08-13 23:30:00+00:00,OK
2026-08-14,8306,stock__volatility_20d,2026-08-07,2026-08-07 06:50:00+00:00,2026-08-08 13:40:26.467462+00:00,2026-08-08 13:40:26.467462+00:00,2026-08-13 23:30:00+00:00,OK
2026-08-14,8306,stock__volatility_20d,2026-08-06,2026-08-06 06:50:00+00:00,2026-08-08 13:40:26.467462+00:00,2026-08-08 13:40:26.467462+00:00,2026-08-13 23:30:00+00:00,OK
2026-08-14,8306,stock__volatility_20d,2026-08-05,2026-08-05 06:50:00+00:00,2026-08-08 13:40:26.467462+00:00,2026-08-08 13:40:26.467462+00:00,2026-08-13 23:30:00+00:00,OK
2026-08-14,8306,stock__volatility_20d,2026-08-04,2026-08-04 06:50:00+00:00,2026-08-08 13:40:26.467462+00:00,2026-08-08 13:40:26.467462+00:00,2026-08-13 23:30:00+00:00,OK
2026-08-14,8306,stock__volatility_20d,2026-08-03,2026-08-03 06:50:00+00:00,2026-08-08 13:40:26.467462+00:00,2026-08-08 13:40:26.467462+00:00,2026-08-13 23:30:00+00:00,OK
2026-08-14,8306,stock__volatility_20d,2026-07-31,2026-07-31 06:50:00+00:00,2026-08-08 13:40:26.467462+00:00,2026-08-08 13:40:26.467462+00:00,2026-08-13 23:30:00+00:00,OK
2026-08-14,8306,stock__volatility_20d,2026-07-30,2026-07-30 06:50:00+00:00,2026-08-08 13:40:26.467462+00:00,2026-08-08 13:40:26.467462+00:00,2026-08-13 23:30:00+00:00,OK
2026-08-14,8306,stock__volatility_20d,2026-07-29,2026-07-29 06:50:00+00:00,2026-08-08 13:40:26.467462+00:00,2026-08-08 13:40:26.467462+00:00,2026-08-13 23:30:00+00:00,OK
2026-08-14,8306,stock__volatility_20d,2026-07-28,2026-07-28 06:50:00+00:00,2026-08-08 13:40:26.467462+00:00,2026-08-08 13:40:26.467462+00:00,2026-08-13 23:30:00+00:00,OK
2026-08-14,8306,stock__volatility_20d,2026-07-27,2026-07-27 06:50:00+00:00,2026-08-08 13:40:26.467462+00:00,2026-08-08 13:40:26.467462+00:00,2026-08-13 23:30:00+00:00,OK
2026-08-14,8306,stock__volatility_20d,2026-07-24,2026-07-24 06:50:00+00:00,2026-08-08 13:40:26.467462+00:00,2026-08-08 13:40:26.467462+00:00,2026-08-13 23:30:00+00:00,OK
2026-08-14,8306,stock__volatility_20d,2026-07-23,2026-07-23 06:50:00+00:00,2026-08-08 13:40:26.467462+00:00,2026-08-08 13:40:26.467462+00:00,2026-08-13 23:30:00+00:00,OK
2026-08-14,8306,stock__volatility_20d,2026-07-22,2026-07-22 06:50:00+00:00,2026-08-08 13:40:26.467462+00:00,2026-08-08 13:40:26.467462+00:00,2026-08-13 23:30:00+00:00,OK
2026-08-14,8306,stock__volatility_20d,2026-07-21,2026-07-21 06:50:00+00:00,2026-08-08 13:40:26.467462+00:00,2026-08-08 13:40:26.467462+00:00,2026-08-13 23:30:00+00:00,OK
2026-08-14,8306,stock__volatility_20d,2026-07-17,2026-07-17 06:50:00+00:00,2026-08-08 13:40:26.467462+00:00,2026-08-08 13:40:26.467462+00:00,2026-08-13 23:30:00+00:00,OK
2026-08-14,8306,stock__volatility_20d,2026-07-16,2026-07-16 06:50:00+00:00,2026-08-08 13:40:26.467462+00:00,2026-08-08 13:40:26.467462+00:00,2026-08-13 23:30:00+00:00,OK
2026-08-14,8306,stock__volatility_20d,2026-07-15,2026-07-15 06:50:00+00:00,2026-08-08 13:40:26.467462+00:00,2026-08-08 13:40:26.467462+00:00,2026-08-13 23:30:00+00:00,OK
2026-08-14,8306,stock__volatility_20d,2026-07-14,2026-07-14 06:50:00+00:00,2026-08-08 13:40:26.467462+00:00,2026-08-08 13:40:26.467462+00:00,2026-08-13 23:30:00+00:00,OK
2026-08-14,8306,stock__volatility_5d,2026-08-13,2026-08-13 06:50:00+00:00,2026-08-13 08:04:59.195121+00:00,2026-08-13 08:04:59.195121+00:00,2026-08-13 23:30:00+00:00,OK
2026-08-14,8306,stock__volatility_5d,2026-08-12,2026-08-12 06:50:00+00:00,2026-08-12 08:03:57.030939+00:00,2026-08-12 08:03:57.030939+00:00,2026-08-13 23:30:00+00:00,OK
2026-08-14,8306,stock__volatility_5d,2026-08-10,2026-08-10 06:50:00+00:00,2026-08-10 16:04:17.250334+00:00,2026-08-10 16:04:17.250334+00:00,2026-08-13 23:30:00+00:00,OK
2026-08-14,8306,stock__volatility_5d,2026-08-07,2026-08-07 06:50:00+00:00,2026-08-08 13:40:26.467462+00:00,2026-08-08 13:40:26.467462+00:00,2026-08-13 23:30:00+00:00,OK
2026-08-14,8306,stock__volatility_5d,2026-08-06,2026-08-06 06:50:00+00:00,2026-08-08 13:40:26.467462+00:00,2026-08-08 13:40:26.467462+00:00,2026-08-13 23:30:00+00:00,OK
2026-08-14,8306,stock__volatility_5d,2026-08-05,2026-08-05 06:50:00+00:00,2026-08-08 13:40:26.467462+00:00,2026-08-08 13:40:26.467462+00:00,2026-08-13 23:30:00+00:00,OK
2026-08-14,9101,stock__high_low_range,2026-08-13,2026-08-13 06:50:00+00:00,2026-08-13 08:04:52.498579+00:00,2026-08-13 08:04:52.498579+00:00,2026-08-13 23:30:00+00:00,OK
2026-08-14,9101,stock__log_return_1d,2026-08-13,2026-08-13 06:50:00+00:00,2026-08-13 08:04:52.498579+00:00,2026-08-13 08:04:52.498579+00:00,2026-08-13 23:30:00+00:00,OK
2026-08-14,9101,stock__log_return_1d,2026-08-12,2026-08-12 06:50:00+00:00,2026-08-12 08:03:48.714752+00:00,2026-08-12 08:03:48.714752+00:00,2026-08-13 23:30:00+00:00,OK
2026-08-14,9101,stock__ma20_deviation,2026-08-13,2026-08-13 06:50:00+00:00,2026-08-13 08:04:52.498579+00:00,2026-08-13 08:04:52.498579+00:00,2026-08-13 23:30:00+00:00,OK
2026-08-14,9101,stock__ma20_deviation,2026-08-12,2026-08-12 06:50:00+00:00,2026-08-12 08:03:48.714752+00:00,2026-08-12 08:03:48.714752+00:00,2026-08-13 23:30:00+00:00,OK
2026-08-14,9101,stock__ma20_deviation,2026-08-10,2026-08-10 06:50:00+00:00,2026-08-10 16:04:04.667376+00:00,2026-08-10 16:04:04.667376+00:00,2026-08-13 23:30:00+00:00,OK
2026-08-14,9101,stock__ma20_deviation,2026-08-07,2026-08-07 06:50:00+00:00,2026-08-08 13:39:12.244576+00:00,2026-08-08 13:39:12.244576+00:00,2026-08-13 23:30:00+00:00,OK
2026-08-14,9101,stock__ma20_deviation,2026-08-06,2026-08-06 06:50:00+00:00,2026-08-08 13:39:12.244576+00:00,2026-08-08 13:39:12.244576+00:00,2026-08-13 23:30:00+00:00,OK
2026-08-14,9101,stock__ma20_deviation,2026-08-05,2026-08-05 06:50:00+00:00,2026-08-08 13:39:12.244576+00:00,2026-08-08 13:39:12.244576+00:00,2026-08-13 23:30:00+00:00,OK
2026-08-14,9101,stock__ma20_deviation,2026-08-04,2026-08-04 06:50:00+00:00,2026-08-08 13:39:12.244576+00:00,2026-08-08 13:39:12.244576+00:00,2026-08-13 23:30:00+00:00,OK
2026-08-14,9101,stock__ma20_deviation,2026-08-03,2026-08-03 06:50:00+00:00,2026-08-08 13:39:12.244576+00:00,2026-08-08 13:39:12.244576+00:00,2026-08-13 23:30:00+00:00,OK
2026-08-14,9101,stock__ma20_deviation,2026-07-31,2026-07-31 06:50:00+00:00,2026-08-08 13:39:12.244576+00:00,2026-08-08 13:39:12.244576+00:00,2026-08-13 23:30:00+00:00,OK
2026-08-14,9101,stock__ma20_deviation,2026-07-30,2026-07-30 06:50:00+00:00,2026-08-08 13:39:12.244576+00:00,2026-08-08 13:39:12.244576+00:00,2026-08-13 23:30:00+00:00,OK
2026-08-14,9101,stock__ma20_deviation,2026-07-29,2026-07-29 06:50:00+00:00,2026-08-08 13:39:12.244576+00:00,2026-08-08 13:39:12.244576+00:00,2026-08-13 23:30:00+00:00,OK
2026-08-14,9101,stock__ma20_deviation,2026-07-28,2026-07-28 06:50:00+00:00,2026-08-08 13:39:12.244576+00:00,2026-08-08 13:39:12.244576+00:00,2026-08-13 23:30:00+00:00,OK
2026-08-14,9101,stock__ma20_deviation,2026-07-27,2026-07-27 06:50:00+00:00,2026-08-08 13:39:12.244576+00:00,2026-08-08 13:39:12.244576+00:00,2026-08-13 23:30:00+00:00,OK
2026-08-14,9101,stock__ma20_deviation,2026-07-24,2026-07-24 06:50:00+00:00,2026-08-08 13:39:12.244576+00:00,2026-08-08 13:39:12.244576+00:00,2026-08-13 23:30:00+00:00,OK
2026-08-14,9101,stock__ma20_deviation,2026-07-23,2026-07-23 06:50:00+00:00,2026-08-08 13:39:12.244576+00:00,2026-08-08 13:39:12.244576+00:00,2026-08-13 23:30:00+00:00,OK
2026-08-14,9101,stock__ma20_deviation,2026-07-22,2026-07-22 06:50:00+00:00,2026-08-08 13:39:12.244576+00:00,2026-08-08 13:39:12.244576+00:00,2026-08-13 23:30:00+00:00,OK
2026-08-14,9101,stock__ma20_deviation,2026-07-21,2026-07-21 06:50:00+00:00,2026-08-08 13:39:12.244576+00:00,2026-08-08 13:39:12.244576+00:00,2026-08-13 23:30:00+00:00,OK
2026-08-14,9101,stock__ma20_deviation,2026-07-17,2026-07-17 06:50:00+00:00,2026-08-08 13:39:12.244576+00:00,2026-08-08 13:39:12.244576+00:00,2026-08-13 23:30:00+00:00,OK
2026-08-14,9101,stock__ma20_deviation,2026-07-16,2026-07-16 06:50:00+00:00,2026-08-08 13:39:12.244576+00:00,2026-08-08 13:39:12.244576+00:00,2026-08-13 23:30:00+00:00,OK
2026-08-14,9101,stock__ma20_deviation,2026-07-15,2026-07-15 06:50:00+00:00,2026-08-08 13:39:12.244576+00:00,2026-08-08 13:39:12.244576+00:00,2026-08-13 23:30:00+00:00,OK
2026-08-14,9101,stock__open_close_return,2026-08-13,2026-08-13 06:50:00+00:00,2026-08-13 08:04:52.498579+00:00,2026-08-13 08:04:52.498579+00:00,2026-08-13 23:30:00+00:00,OK
2026-08-14,9101,stock__return_1d,2026-08-13,2026-08-13 06:50:00+00:00,2026-08-13 08:04:52.498579+00:00,2026-08-13 08:04:52.498579+00:00,2026-08-13 23:30:00+00:00,OK
2026-08-14,9101,stock__return_1d,2026-08-12,2026-08-12 06:50:00+00:00,2026-08-12 08:03:48.714752+00:00,2026-08-12 08:03:48.714752+00:00,2026-08-13 23:30:00+00:00,OK
2026-08-14,9101,stock__return_20d,2026-08-13,2026-08-13 06:50:00+00:00,2026-08-13 08:04:52.498579+00:00,2026-08-13 08:04:52.498579+00:00,2026-08-13 23:30:00+00:00,OK
2026-08-14,9101,stock__return_20d,2026-07-14,2026-07-14 06:50:00+00:00,2026-08-08 13:39:12.244576+00:00,2026-08-08 13:39:12.244576+00:00,2026-08-13 23:30:00+00:00,OK
2026-08-14,9101,stock__return_2d,2026-08-13,2026-08-13 06:50:00+00:00,2026-08-13 08:04:52.498579+00:00,2026-08-13 08:04:52.498579+00:00,2026-08-13 23:30:00+00:00,OK
2026-08-14,9101,stock__return_2d,2026-08-10,2026-08-10 06:50:00+00:00,2026-08-10 16:04:04.667376+00:00,2026-08-10 16:04:04.667376+00:00,2026-08-13 23:30:00+00:00,OK
2026-08-14,9101,stock__return_3d,2026-08-13,2026-08-13 06:50:00+00:00,2026-08-13 08:04:52.498579+00:00,2026-08-13 08:04:52.498579+00:00,2026-08-13 23:30:00+00:00,OK
2026-08-14,9101,stock__return_3d,2026-08-07,2026-08-07 06:50:00+00:00,2026-08-08 13:39:12.244576+00:00,2026-08-08 13:39:12.244576+00:00,2026-08-13 23:30:00+00:00,OK
2026-08-14,9101,stock__return_5d,2026-08-13,2026-08-13 06:50:00+00:00,2026-08-13 08:04:52.498579+00:00,2026-08-13 08:04:52.498579+00:00,2026-08-13 23:30:00+00:00,OK
2026-08-14,9101,stock__return_5d,2026-08-05,2026-08-05 06:50:00+00:00,2026-08-08 13:39:12.244576+00:00,2026-08-08 13:39:12.244576+00:00,2026-08-13 23:30:00+00:00,OK
2026-08-14,9101,stock__volatility_20d,2026-08-13,2026-08-13 06:50:00+00:00,2026-08-13 08:04:52.498579+00:00,2026-08-13 08:04:52.498579+00:00,2026-08-13 23:30:00+00:00,OK
2026-08-14,9101,stock__volatility_20d,2026-08-12,2026-08-12 06:50:00+00:00,2026-08-12 08:03:48.714752+00:00,2026-08-12 08:03:48.714752+00:00,2026-08-13 23:30:00+00:00,OK
2026-08-14,9101,stock__volatility_20d,2026-08-10,2026-08-10 06:50:00+00:00,2026-08-10 16:04:04.667376+00:00,2026-08-10 16:04:04.667376+00:00,2026-08-13 23:30:00+00:00,OK
2026-08-14,9101,stock__volatility_20d,2026-08-07,2026-08-07 06:50:00+00:00,2026-08-08 13:39:12.244576+00:00,2026-08-08 13:39:12.244576+00:00,2026-08-13 23:30:00+00:00,OK
2026-08-14,9101,stock__volatility_20d,2026-08-06,2026-08-06 06:50:00+00:00,2026-08-08 13:39:12.244576+00:00,2026-08-08 13:39:12.244576+00:00,2026-08-13 23:30:00+00:00,OK
2026-08-14,9101,stock__volatility_20d,2026-08-05,2026-08-05 06:50:00+00:00,2026-08-08 13:39:12.244576+00:00,2026-08-08 13:39:12.244576+00:00,2026-08-13 23:30:00+00:00,OK
2026-08-14,9101,stock__volatility_20d,2026-08-04,2026-08-04 06:50:00+00:00,2026-08-08 13:39:12.244576+00:00,2026-08-08 13:39:12.244576+00:00,2026-08-13 23:30:00+00:00,OK
2026-08-14,9101,stock__volatility_20d,2026-08-03,2026-08-03 06:50:00+00:00,2026-08-08 13:39:12.244576+00:00,2026-08-08 13:39:12.244576+00:00,2026-08-13 23:30:00+00:00,OK
2026-08-14,9101,stock__volatility_20d,2026-07-31,2026-07-31 06:50:00+00:00,2026-08-08 13:39:12.244576+00:00,2026-08-08 13:39:12.244576+00:00,2026-08-13 23:30:00+00:00,OK
2026-08-14,9101,stock__volatility_20d,2026-07-30,2026-07-30 06:50:00+00:00,2026-08-08 13:39:12.244576+00:00,2026-08-08 13:39:12.244576+00:00,2026-08-13 23:30:00+00:00,OK
2026-08-14,9101,stock__volatility_20d,2026-07-29,2026-07-29 06:50:00+00:00,2026-08-08 13:39:12.244576+00:00,2026-08-08 13:39:12.244576+00:00,2026-08-13 23:30:00+00:00,OK
2026-08-14,9101,stock__volatility_20d,2026-07-28,2026-07-28 06:50:00+00:00,2026-08-08 13:39:12.244576+00:00,2026-08-08 13:39:12.244576+00:00,2026-08-13 23:30:00+00:00,OK
2026-08-14,9101,stock__volatility_20d,2026-07-27,2026-07-27 06:50:00+00:00,2026-08-08 13:39:12.244576+00:00,2026-08-08 13:39:12.244576+00:00,2026-08-13 23:30:00+00:00,OK
2026-08-14,9101,stock__volatility_20d,2026-07-24,2026-07-24 06:50:00+00:00,2026-08-08 13:39:12.244576+00:00,2026-08-08 13:39:12.244576+00:00,2026-08-13 23:30:00+00:00,OK
2026-08-14,9101,stock__volatility_20d,2026-07-23,2026-07-23 06:50:00+00:00,2026-08-08 13:39:12.244576+00:00,2026-08-08 13:39:12.244576+00:00,2026-08-13 23:30:00+00:00,OK
2026-08-14,9101,stock__volatility_20d,2026-07-22,2026-07-22 06:50:00+00:00,2026-08-08 13:39:12.244576+00:00,2026-08-08 13:39:12.244576+00:00,2026-08-13 23:30:00+00:00,OK
2026-08-14,9101,stock__volatility_20d,2026-07-21,2026-07-21 06:50:00+00:00,2026-08-08 13:39:12.244576+00:00,2026-08-08 13:39:12.244576+00:00,2026-08-13 23:30:00+00:00,OK
2026-08-14,9101,stock__volatility_20d,2026-07-17,2026-07-17 06:50:00+00:00,2026-08-08 13:39:12.244576+00:00,2026-08-08 13:39:12.244576+00:00,2026-08-13 23:30:00+00:00,OK
2026-08-14,9101,stock__volatility_20d,2026-07-16,2026-07-16 06:50:00+00:00,2026-08-08 13:39:12.244576+00:00,2026-08-08 13:39:12.244576+00:00,2026-08-13 23:30:00+00:00,OK
2026-08-14,9101,stock__volatility_20d,2026-07-15,2026-07-15 06:50:00+00:00,2026-08-08 13:39:12.244576+00:00,2026-08-08 13:39:12.244576+00:00,2026-08-13 23:30:00+00:00,OK
2026-08-14,9101,stock__volatility_20d,2026-07-14,2026-07-14 06:50:00+00:00,2026-08-08 13:39:12.244576+00:00,2026-08-08 13:39:12.244576+00:00,2026-08-13 23:30:00+00:00,OK
2026-08-14,9101,stock__volatility_5d,2026-08-13,2026-08-13 06:50:00+00:00,2026-08-13 08:04:52.498579+00:00,2026-08-13 08:04:52.498579+00:00,2026-08-13 23:30:00+00:00,OK
2026-08-14,9101,stock__volatility_5d,2026-08-12,2026-08-12 06:50:00+00:00,2026-08-12 08:03:48.714752+00:00,2026-08-12 08:03:48.714752+00:00,2026-08-13 23:30:00+00:00,OK
2026-08-14,9101,stock__volatility_5d,2026-08-10,2026-08-10 06:50:00+00:00,2026-08-10 16:04:04.667376+00:00,2026-08-10 16:04:04.667376+00:00,2026-08-13 23:30:00+00:00,OK
2026-08-14,9101,stock__volatility_5d,2026-08-07,2026-08-07 06:50:00+00:00,2026-08-08 13:39:12.244576+00:00,2026-08-08 13:39:12.244576+00:00,2026-08-13 23:30:00+00:00,OK
2026-08-14,9101,stock__volatility_5d,2026-08-06,2026-08-06 06:50:00+00:00,2026-08-08 13:39:12.244576+00:00,2026-08-08 13:39:12.244576+00:00,2026-08-13 23:30:00+00:00,OK
2026-08-14,9101,stock__volatility_5d,2026-08-05,2026-08-05 06:50:00+00:00,2026-08-08 13:39:12.244576+00:00,2026-08-08 13:39:12.244576+00:00,2026-08-13 23:30:00+00:00,OK
